{
  "metadata": {
    "timestamp": "2025-06-02T17:24:01.377679+00:00",
    "python_version": "3.12.0 (main, Feb 22 2025, 21:43:18) [Clang 16.0.0 (clang-1600.0.26.6)]",
    "platform": "macOS-15.5-arm64-arm-64bit",
    "datason_version": "0.4.5",
    "git_commit": "unknown",
    "git_ref": "unknown",
    "ci_run_id": "local",
    "runner": "local"
  },
  "benchmarks": {
    "serialization": {
      "api_response": {
        "standard": {
          "mean": 0.001330358101404272,
          "min": 0.0012970000097993761,
          "max": 0.0014082909910939634,
          "std": 3.8434523309822625e-05,
          "median": 0.001327625010162592,
          "iterations": 10
        },
        "performance_config": {
          "mean": 0.0011888042994542048,
          "min": 0.0011349169944878668,
          "max": 0.0012423330044839531,
          "std": 3.624965776863863e-05,
          "median": 0.001179208018584177,
          "iterations": 10
        },
        "performance_improvement_pct": 10.640278117647322
      },
      "config_data": {
        "standard": {
          "mean": 2.3845798568800092e-05,
          "min": 2.329199924133718e-05,
          "max": 2.6458001229912043e-05,
          "std": 9.717445952244775e-07,
          "median": 2.345800749026239e-05,
          "iterations": 10
        },
        "performance_config": {
          "mean": 2.2641403484158217e-05,
          "min": 2.2499996703118086e-05,
          "max": 2.2791005903854966e-05,
          "std": 9.027180970697729e-08,
          "median": 2.2666004952043295e-05,
          "iterations": 10
        },
        "performance_improvement_pct": 5.050764314589613
      },
      "simple_types": {
        "standard": {
          "mean": 2.833496546372771e-06,
          "min": 2.707995008677244e-06,
          "max": 3.04199056699872e-06,
          "std": 9.016614454434001e-08,
          "median": 2.8339854907244444e-06,
          "iterations": 10
        },
        "performance_config": {
          "mean": 2.754194429144263e-06,
          "min": 2.707995008677244e-06,
          "max": 2.874992787837982e-06,
          "std": 4.9912612356693555e-08,
          "median": 2.749991836026311e-06,
          "iterations": 10
        },
        "performance_improvement_pct": 2.7987370349903786
      }
    },
    "deserialization": {
      "api_response": {
        "standard": {
          "mean": 0.00034796659892890605,
          "min": 0.00032429100247099996,
          "max": 0.0004000839835498482,
          "std": 2.273238884932028e-05,
          "median": 0.00034112497814930975,
          "iterations": 10
        }
      },
      "config_data": {
        "standard": {
          "mean": 5.041700205765665e-06,
          "min": 4.958012141287327e-06,
          "max": 5.125009920448065e-06,
          "std": 5.8847241892718726e-08,
          "median": 5.04200579598546e-06,
          "iterations": 10
        }
      },
      "simple_types": {
        "standard": {
          "mean": 3.3583026379346846e-06,
          "min": 3.2910029403865337e-06,
          "max": 3.4170225262641907e-06,
          "std": 5.6317849983244365e-08,
          "median": 3.374996595084667e-06,
          "iterations": 10
        }
      }
    },
    "type_detection": {
      "simple_dict": {
        "mean": 1.1375959729775786e-06,
        "min": 1.0420044418424368e-06,
        "max": 1.2500095181167126e-06,
        "std": 6.224834570845612e-08,
        "median": 1.1250085663050413e-06,
        "iterations": 10
      },
      "datetime_objects": {
        "mean": 0.00014266250072978437,
        "min": 0.00014062499394640326,
        "max": 0.00014541699783876538,
        "std": 1.4498158740663395e-06,
        "median": 0.00014266601647250354,
        "iterations": 10
      },
      "uuid_objects": {
        "mean": 3.5624951124191282e-06,
        "min": 3.374996595084667e-06,
        "max": 4.499976057559252e-06,
        "std": 3.5647784442058806e-07,
        "median": 3.416993422433734e-06,
        "iterations": 10
      },
      "decimal_objects": {
        "mean": 0.00010285400494467468,
        "min": 9.712501196190715e-05,
        "max": 0.00013624998973682523,
        "std": 1.1880666335007822e-05,
        "median": 9.950000094249845e-05,
        "iterations": 10
      },
      "mixed_list": {
        "mean": 0.00016153349715750665,
        "min": 0.00016070899437181652,
        "max": 0.00016404199413955212,
        "std": 9.737267818969564e-07,
        "median": 0.00016125000547617674,
        "iterations": 10
      }
    }
  }
}
